{
  "$schema": "https://docs.renovatebot.com/renovate-schema.json",
  "extends": [
    "config:recommended"
  ],
  "packageRules": [
    {
      "matchUpdateTypes": [
        "minor",
        "patch"
      ],
      "matchCurrentVersion": "!/^0/",
      "automerge": true
    },
    {
      "matchDepTypes": [
        "devDependencies"
      ],
      "automerge": true,
      "matchPackageNames": [
        "/lint/",
        "/prettier/"
      ]
    },
    {
      "groupName": "commit-lint-and-release",
      "schedule": [
        "after 10pm on sunday"
      ],
      "matchPackageNames": [
        "/^@commitlint/",
        "/^husky/",
        "/^semantic-release/"
      ]
    }
  ],
  "pip_requirements": {
    "fileMatch": [
      "requirements.txt"
    ]
  },
  "dockerfile": {
    "fileMatch": [
      "Dockerfile"
    ]
  },
  "github-actions": {
    "fileMatch": [
      ".github/workflows/*.yml"
    ]
  },
  "labels": [
    "dependencies"
  ],
  "prHourlyLimit": 4,
  "prConcurrentLimit": 10,
  "schedule": [
    "after 10pm every weekday",
    "every weekend",
    "before 5am every weekday"
  ],
  "timezone": "Europe/Brussels",
  "dependencyDashboard": true,
  "dependencyDashboardTitle": "Dependency Dashboard",
  "commitMessagePrefix": "chore(deps):",
  "commitMessageAction": "update",
  "commitMessageTopic": "{{depName}}",
  "commitMessageExtra": "to {{newVersion}}",
  "semanticCommits": "enabled"
}
